{"cameraMode":{"drawMode":0,"name":"Shaded","section":"Shading Mode"},"sceneLighting":false,"audioPlay":false,"sceneViewState":{"m_AlwaysRefresh":false,"showFog":true,"showSkybox":false,"showFlares":true,"showImageEffects":true,"showParticleSystems":true,"showVisualEffectGraphs":true,"m_FxEnabled":true},"in2DMode":false,"pivot":{"x":-28.949121475219728,"y":0.14935454726219178,"z":21.843801498413087},"rotation":{"x":-0.19573244452476502,"y":-0.5183698534965515,"z":0.12322241067886353,"w":-0.8233157992362976},"size":0.3473106324672699,"orthographic":false}